Year,Track,Artist,Album,Duration (s),Genres,Track ID,Release Date,Popularity
2020,Clean Baby Sleep White Noise (Loopable),"Dream Supplier, Baby Sleeps, Background White Noise",Best White Noise For Sleeping Baby,142,Unknown,0zirWZTcXBBwGsevrsIpvT,2020-04-29,96
2020,Blinding Lights,The Weeknd,After Hours,200,Unknown,0VjIjW4GlUZAMYd2vXMi3b,2020-03-20,88
2020,Shut up My Moms Calling,Hotel Ugly,Shut up My Moms Calling,164,Unknown,3hxIUxnT27p5WcmjGUXNwx,2020-02-10,85
2020,Heat Waves,Glass Animals,Dreamland,238,Unknown,3USxtqRwSYz57Ewm6wWRMp,2020-08-07,85
2020,The Cut That Always Bleeds,Conan Gray,Kid Krow,231,Unknown,7wTqEW5nrMhvyEhEyTnOMd,2020-03-20,85
2020,Save Your Tears,The Weeknd,After Hours,215,Unknown,5QO79kh1waicV47BqGRL3g,2020-03-20,85
2020,"I miss you, I’m sorry",Gracie Abrams,minor,167,Unknown,4nyF5lmSziBAt7ESAUjpbx,2020-07-14,84
2020,Heather,Conan Gray,Kid Krow,198,Unknown,4xqrdfXkTW4T0RauPLv3WA,2020-03-20,84
2020,august,Taylor Swift,folklore,261,Unknown,3hUxzQpSfdDqwM3ZTFQY0K,2020-07-24,83
2020,cardigan,Taylor Swift,folklore,239,Unknown,4R2kfaDFhslZEMJqAFNpdd,2020-07-24,83
2020,You Should Probably Leave,Chris Stapleton,Starting Over,213,Unknown,2UikqkwBv7aIvlixeVXHWt,2020-11-13,82
2020,telepatía,Kali Uchis,Sin Miedo (del Amor y Otros Demonios) ∞,160,Unknown,6tDDoYIxWvMLTdKpjFkc1B,2020-12-04,82
2020,Borderline,Tame Impala,The Slow Rush,237,Unknown,5hM5arv9KDbCHS0k9uqwjr,2020-02-14,82
2020,Godzilla (feat. Juice WRLD),"Eminem, Juice WRLD",Music To Be Murdered By,210,Unknown,7FIWs0pqAYbP91WWM0vlTQ,2020-01-17,82
2020,Without Me,Halsey,Manic,201,Unknown,6FZDfxM3a3UCqtzo5pxSLZ,2020-01-17,82
2020,Infrunami,Steve Lacy,The Lo-Fis,178,Unknown,0f8eRy9A0n6zXpKSHSCAEp,2020-12-04,81
2020,Took Her To The O,King Von,Levon James,196,Unknown,7fEoXCZTZFosUFvFQg1BmW,2020-03-06,81
2020,Runnin,"21 Savage, Metro Boomin",SAVAGE MODE II,195,Unknown,5SWnsxjhdcEDc7LJjq9UHk,2020-10-02,80
2020,anything,Adrianne Lenker,songs,202,Unknown,4PwWESSlTwzvw9B7bmtTLS,2020-10-23,80
2020,Sky,Playboi Carti,Whole Lotta Red,193,Unknown,29TPjc8wxfz4XMn21O7VsZ,2020-12-25,80
2020,The Adults Are Talking,The Strokes,The New Abnormal,309,Unknown,5ruzrDWcT0vuJIOMW7gMnW,2020-04-10,80
2020,No Idea,Don Toliver,Heaven Or Hell,154,Unknown,7AzlLxHn24DxjgQX73F9fU,2020-03-13,80
2020,Heartbreak Anniversary,GIVĒON,TAKE TIME,198,Unknown,3FAJ6O0NOHQV8Mc5Ri6ENp,2020-03-27,80
2020,Teeth,5 Seconds of Summer,CALM,205,Unknown,3NxWJWftvkstyxvb1pZlFo,2020-03-27,80
2020,Armed & Dangerous,King Von,Welcome to O'Block,122,Unknown,2297mxrYLBAC4XkhXs39If,2020-10-30,79
2020,BEST INTEREST,"Tyler, The Creator",BEST INTEREST,127,Unknown,3jHdKaLCkuNEkWcLVmQPCX,2020-01-25,79
2020,Glock In My Lap,"21 Savage, Metro Boomin",SAVAGE MODE II,193,Unknown,6pcywuOeGGWeOQzdUyti6k,2020-10-02,79
2020,"not a lot, just forever",Adrianne Lenker,songs,250,Unknown,11hEwcy9LMEvzAlOYAFhkK,2020-10-23,79
2020,The Thrill,"Wiz Khalifa, Empire Of The Sun",The Thrill (feat. Empire of the Sun),234,Unknown,56oGoEjA9eTZYgsttEFKY3,2020-11-11,79
2020,forwards beckon rebound,Adrianne Lenker,songs,189,Unknown,6PBanBy8L1K2Ry4UN186XH,2020-10-23,79
2020,my tears ricochet,Taylor Swift,folklore,255,Unknown,1MgV7FIyNxIG7WzMRJV5HC,2020-07-24,79
2020,Wishing Well,Juice WRLD,Legends Never Die,194,Unknown,2U5WueTLIK5WJLD7mvDODv,2020-07-10,78
2020,Yale,Ken Carson,Teen X,106,Unknown,0HTIrbUwwFn984RzVZm5Fk,2020-08-14,78
2020,party 4 u,Charli xcx,how i'm feeling now,296,Unknown,2RdEC8Ff83WkX7kDVCHseE,2020-05-15,78
2020,July,Noah Cyrus,THE END OF EVERYTHING,156,Unknown,6J2LdBN97cDWn0MLxYh9HB,2020-05-15,78
2020,Like I Want You,GIVĒON,TAKE TIME,260,Unknown,6qBFSepqLCuh5tehehc1bd,2020-03-27,78
2020,Starting Over,Chris Stapleton,Starting Over,240,Unknown,3K07bGe8iljQ3mOKArHLDo,2020-11-13,77
2020,Clouded,Brent Faiyaz,Fuck The World,110,Unknown,2J6OF7CkpdQGSfm1wdclqn,2020-02-07,77
2020,Sorrows,Bryson Tiller,A N N I V E R S A R Y,193,Unknown,5TXQCMKN6TgemTL3c4wRTn,2020-10-02,77
2020,It Almost Worked,TV Girl,The Night in Question: French Exit Outtakes,152,Unknown,4NUhcsz9E1LrBe8nXLZqzp,2020-05-01,77
2020,Martin & Gina,Polo G,THE GOAT,132,Unknown,1VLtjHwRWOVJiE5Py7JxoQ,2020-05-15,77
2020,Not You Too (feat. Chris Brown),"Drake, Chris Brown",Dark Lane Demo Tapes,269,Unknown,3Q4gttWQ6hxqWOa3tHoTNi,2020-05-01,77
2020,Crazy Train,Ozzy Osbourne,Blizzard Of Ozz (40th Anniversary Expanded Edition),293,Unknown,7ACxUo21jtTHzy7ZEV56vU,2020-09-18,77
2020,Heartless (feat. Morgan Wallen),"Diplo, Morgan Wallen",Diplo Presents Thomas Wesley: Chapter 1 - Snake Oil,169,Unknown,3FU6urUVsgXa6RBuV2PdRk,2020-05-29,76
2020,Maine,Noah Kahan,Cape Elizabeth,232,Unknown,3Z2anmIVG8b1GelyeFQdnP,2020-05-01,76
2020,Revival,Zach Bryan,Elisabeth,221,Unknown,2QfX9Pdz3q66fN3kCXl0Js,2020-05-08,76
2020,"...And to Those I Love, Thanks for Sticking Around",$uicideboy$,Stop Staring At the Shadows,168,Unknown,30QR0ndUdiiMQMA9g1PGCm,2020-02-14,76
2020,Been Away,Brent Faiyaz,Fuck The World,223,Unknown,5PvVkf1Yuq3XyMqqjPiKPd,2020-02-07,76
2020,Forever After All,Luke Combs,What You See Ain't Always What You Get (Deluxe Edition),232,Unknown,6IBcOGPsniK3Pso1wHIhew,2020-10-23,75
2020,Joy Of My Life,Chris Stapleton,Starting Over,274,Unknown,4EuaDcxHmHKS6gZ5iuGba0,2020-11-13,74
2021,traitor,Olivia Rodrigo,SOUR,229,Unknown,5CZ40GBx1sQ9agT82CLQCT,2021-05-21,85
2021,The Color Violet,Tory Lanez,Alone At Prom,226,Unknown,3azJifCSqg9fRij2yKIbWz,2021-12-10,84
2021,you broke me first,Tate McRae,TOO YOUNG TO BE SAD,170,Unknown,4l0RmWt52FxpVxMNni6i63,2021-03-26,84
2021,Happier Than Ever,Billie Eilish,Happier Than Ever,298,Unknown,4RVwu0g32PAqgUiJoXsdF8,2021-07-30,84
2021,deja vu,Olivia Rodrigo,SOUR,215,Unknown,6HU7h9RYOaPRFeh0R3UeAr,2021-05-21,84
2021,drivers license,Olivia Rodrigo,SOUR,242,Unknown,5wANPM4fQCJwkGd4rN57mH,2021-05-21,84
2021,family ties (with Kendrick Lamar),"Baby Keem, Kendrick Lamar",The Melodic Blue,252,Unknown,3QFInJAm9eyaho5vBzxInN,2021-09-10,83
2021,raining for hours,ame,grey cloud,131,Unknown,3L1JHXiqNOJ57w3n2R3HyU,2021-08-13,83
2021,Freaks,Surf Curse,Freaks,147,Unknown,7EkWXAI1wn8Ii883ecd9xr,2021-05-15,83
2021,Kiss Me More (feat. SZA),"Doja Cat, SZA",Planet Her,208,Unknown,3DarAbFujv6eYNliUTyqtz,2021-06-25,83
2021,Shivers,Ed Sheeran,=,207,Unknown,50nfwKoDiSYg8zOCREWAm5,2021-10-25,83
2021,Ghost,Justin Bieber,Justice,153,Unknown,6I3mqTwhRpn34SLVafSH7G,2021-03-19,83
2021,Easy On Me,Adele,30,224,Unknown,46IZ0fSY2mpAiktS3KOqds,2021-11-19,83
2021,Heavy,The Marías,CINEMA,253,Unknown,1ShRHPAiiIrh0arZbSFmx1,2021-06-25,82
2021,Something About You,"Eyedress, Dent May",Mulholland Drive,153,Unknown,6RiiSy9GzSwiyDEJDiMuKe,2021-08-27,82
2021,favorite crime,Olivia Rodrigo,SOUR,152,Unknown,5JCoSi02qi3jJeHdZXMmR8,2021-05-21,82
2021,good 4 u,Olivia Rodrigo,SOUR,178,Unknown,4ZtFanR9U6ndgddUvNcjcG,2021-05-21,82
2021,Woman,Doja Cat,Planet Her,172,Unknown,6Uj1ctrBOjOas8xZXGqKk4,2021-06-25,82
2021,Pain,PinkPantheress,to hell with it,98,Unknown,4S4QJfBGGrC8jRIjJHf1Ka,2021-10-15,81
2021,Dreams & Calmness,X.L.T,Dreams & Calmness,159,Unknown,295uck3ky42Qj4rxbISGG5,2021-08-16,81
2021,Tek It,Cafuné,Running,191,Unknown,751srcHf5tUqcEa9pRCQwP,2021-07-20,81
2021,Every Night White Noise,The Noisy Outdoors,Every Night White Noise,161,Unknown,5nMbf1TCIXxtgWjcCT7pzs,2021-08-30,80
2021,"jealousy, jealousy",Olivia Rodrigo,SOUR,173,Unknown,0MMyJUC3WNnFS1lit5pTjk,2021-05-21,80
2021,Wasted On You,Morgan Wallen,Dangerous: The Double Album,178,Unknown,3cBsEDNhFI9E82vPj3kvi3,2021-01-08,79
2021,16,Baby Keem,The Melodic Blue,156,Unknown,1Is8hGpkGMiePASAxBluxM,2021-09-10,79
2021,LOT OF ME,Lil Tecca,We Love You Tecca 2,123,Unknown,2ZXxRC6V6AXzMdbLQZMHSB,2021-08-27,79
2021,Notion,The Rare Occasions,Notion,195,Unknown,0sTlGEld0h8kIPZaKDYUf4,2021-12-02,79
2021,Mess It Up,Gracie Abrams,Mess It Up,171,Unknown,0PLhwCmQ7cC3ThRGPn3HxF,2021-05-07,79
2021,Fair Trade (with Travis Scott),"Drake, Travis Scott",Certified Lover Boy,291,Unknown,40iJIUlhi6renaREYGeIDS,2021-09-03,79
2021,7 Summers,Morgan Wallen,Dangerous: The Double Album,210,Unknown,4obHzpwGrjoTuZh2DItEMZ,2021-01-08,78
2021,More Than My Hometown,Morgan Wallen,Dangerous: The Double Album,216,Unknown,5OELUCYgOHKFAvCERnAvfS,2021-01-08,78
2021,Buy Dirt,"Jordan Davis, Luke Bryan",Buy Dirt,167,Unknown,69AIpwGNLxr4qS1X5ynx60,2021-05-21,78
2021,RAPSTAR,Polo G,Hall of Fame,165,Unknown,18vXApRmJSgQ6wG2ll9AOg,2021-06-11,78
2021,Slumber Rain,Nature Of Sweden,Rainy Mind,146,Unknown,2pUhY7tWx8egpw2qn84iSi,2021-08-24,78
2021,Better in the Dark,"Jordana, TV Girl",Summer's Over,155,Unknown,3SeDS5sSoWnwAZvVgkdKzf,2021-10-13,77
2021,2055,Sleepy Hallow,Still Sleep?,123,Unknown,4XvcHTUfIlWfyJTRG0aqlo,2021-06-02,77
2021,Missed Call,Treaty Oak Revival,No Vacancy,255,Unknown,6ybZUqlfk938oS6WeBmDab,2021-01-29,76
2021,No Vacancy,Treaty Oak Revival,No Vacancy,244,Unknown,3pVs5Zehts89WLyBPiYfxG,2021-01-29,76
2021,Cover Me Up,Morgan Wallen,Dangerous: The Double Album,293,Unknown,0mKnuxVkPi5h0kuvZl44VM,2021-01-08,76
2021,Ode To Bourbon,Treaty Oak Revival,No Vacancy,241,Unknown,4kvCtReby19JPkePLwy8Pq,2021-01-29,75
2021,Mr.Trouble,BigXthaPlug,Mr.Trouble,122,Unknown,4Yicqjumhd4OdKGTu7zNGn,2021-05-13,75
2021,SWEET / I THOUGHT YOU WANTED TO DANCE (feat. Brent Faiyaz & Fana Hues),"Tyler, The Creator, Brent Faiyaz, Fana Hues",CALL ME IF YOU GET LOST,588,Unknown,3EG9FJ0ToLfgnc1IG2Z1wz,2021-06-25,75
2021,Knife Talk (with 21 Savage ft. Project Pat),"Drake, 21 Savage, Project Pat",Certified Lover Boy,242,Unknown,2BcMwX1MPV6ZHP4tUT9uq6,2021-09-03,75
2021,Wants and Needs (feat. Lil Baby),"Drake, Lil Baby",Scary Hours 2,192,Unknown,65OVbaJR5O1RmwOQx0875b,2021-03-05,75
2021,Sand In My Boots,Morgan Wallen,Dangerous: The Double Album,202,Unknown,0uRrG2jRR5tuifsYIJHEao,2021-01-08,74
2021,stranger,Jhené Aiko,Sailing Soul(s),214,Unknown,7eZXAeqqdLDrAp2MvrPzWn,2021-03-19,74
2021,In A Good Way,Faye Webster,I Know I'm Funny haha,224,Unknown,2VYnlKxB8jpbCeLUjQsebc,2021-06-25,74
2021,WUSYANAME (feat. Youngboy Never Broke Again & Ty Dolla $ign),"Tyler, The Creator, YoungBoy Never Broke Again, Ty Dolla $ign",CALL ME IF YOU GET LOST,121,Unknown,5B0kgjHULYJhAQkK5XsMoC,2021-06-25,74
2021,Wonder,Megan Moroney,Wonder,222,Unknown,1z89jCXIK0JzyBtaa7Sn58,2021-02-26,73
2021,Bang!,AJR,OK ORCHESTRA,170,Unknown,4SQLQfcR0vhyIN4uPBlc0d,2021-03-26,71
2022,End of Beginning,Djo,DECIDE,159,Unknown,3qhlB30KknSejmIvZZLjOD,2022-09-16,89
2022,Snooze,SZA,SOS,201,Unknown,4iZ4pt7kvcaH6Yo8UoZ4s2,2022-12-09,88
2022,As It Was,Harry Styles,Harry's House,167,Unknown,4Dvkj6JhhA12EX05fT7y2e,2022-05-20,87
2022,Stick Season,Noah Kahan,Stick Season,182,Unknown,0mflMxspEfB0VbI1kyLiAv,2022-10-14,86
2022,Deep Phase Noise 1,Milli Hughes,Deep Phase Noise,143,Unknown,5MOWBRtP53q5yNOtHaMVTh,2022-02-15,86
2022,Nobody Gets Me,SZA,SOS,180,Unknown,5Y35SjAfXjjG0sFQ3KOxmm,2022-12-09,86
2022,Kill Bill,SZA,SOS,153,Unknown,1Qrg8KqiBpW07V7PNxwwwL,2022-12-08,86
2022,Romantic Homicide,d4vd,Romantic Homicide,132,Unknown,1xK59OXxi2TAAAbmZK0kBL,2022-07-20,85
2022,Nonsense,Sabrina Carpenter,emails i can't send,163,Unknown,6dgUya35uo964z7GZXM07g,2022-07-15,85
2022,TV,Billie Eilish,Guitar Songs,281,Unknown,3GYlZ7tbxLOxe6ewMNVTkw,2022-07-21,85
2022,Something in the Orange,Zach Bryan,Something in the Orange,228,Unknown,3WMj8moIAXJhHsyLaqIIHI,2022-04-22,84
2022,the perfect pair,beabadoobee,Beatopia,177,Unknown,41P6Tnd8KIHqON0QIydx6a,2022-07-15,84
2022,Good Days,SZA,SOS,278,Unknown,4PMqSO5qyjpvzhlLI5GnID,2022-12-09,83
2022,WAIT FOR U (feat. Drake & Tems),"Future, Drake, Tems",I NEVER LIKED YOU,189,Unknown,59nOXPmaKlBfGMDeOVGrIK,2022-04-29,83
2022,Open Arms (feat. Travis Scott),"SZA, Travis Scott",SOS,239,Unknown,6koKhrBBcExADvWuOgceNZ,2022-12-08,83
2022,Too Many Nights (feat. Don Toliver & with Future),"Metro Boomin, Future, Don Toliver",HEROES & VILLAINS,199,Unknown,2Hh3ETdQKrmSI3QS0hme7g,2022-12-02,83
2022,snowfall,"Øneheart, reidenshi",snowfall,124,Unknown,4xF4ZBGPZKxECeDFrqSAG4,2022-01-14,83
2022,Bad Habit,Steve Lacy,Gemini Rights,232,Unknown,4k6Uh1HXdhtusDW5y8Gbvy,2022-07-15,82
2022,Good Looking,Suki Waterhouse,Good Looking,214,Unknown,0j3mqDTK4Z6lvrLzFCUUz6,2022-08-18,82
2022,Trance (with Travis Scott & Young Thug),"Metro Boomin, Travis Scott, Young Thug",HEROES & VILLAINS,194,Unknown,5wG3HvLhF6Y5KTGlK0IW3J,2022-12-02,82
2022,Tití Me Preguntó,Bad Bunny,Un Verano Sin Ti,243,Unknown,1IHWl5LamUGEuP4ozKQSXZ,2022-05-06,82
2022,Anti-Hero,Taylor Swift,Midnights,200,Unknown,0V3wPSX9ygBnCm8psDIegu,2022-10-21,82
2022,Wondering Why,The Red Clay Strays,Moment of Truth,232,Unknown,1HbzxLqpNVPdiBXvpC7Ovb,2022-04-29,81
2022,NIGHTS LIKE THESE,Benson Boone,Walk Me Home...,172,Unknown,33vZRjxJScapmRShRJq8I0,2022-07-29,81
2022,Sun to Me,Zach Bryan,American Heartbreak,163,Unknown,1SjsVdSXpwm1kTdYEHoPIT,2022-05-20,80
2022,A New Kind Of Love - Demo,"Frou Frou, Imogen Heap, Guy Sigsworth",A New Kind Of Love (Demo),259,Unknown,3fuyYaLhZ2RoP9eWpvfP1H,2022-04-08,80
2022,Superhero (Heroes & Villains) [with Future & Chris Brown],"Metro Boomin, Future, Chris Brown",HEROES & VILLAINS,182,Unknown,0vjeOZ3Ft5jvAi9SBFJm1j,2022-12-02,80
2022,Jimmy Cooks (feat. 21 Savage),"Drake, 21 Savage","Honestly, Nevermind",218,Unknown,3F5CgOj3wFlRv51JsHbxhe,2022-06-17,80
2022,she's all i wanna be,Tate McRae,i used to think i could fly,207,Unknown,7l9IqDtVWJurTvkQHq1BGh,2022-05-27,80
2022,ceilings,Lizzy McAlpine,five seconds flat,182,Unknown,2L9N0zZnd37dwF0clgxMGI,2022-04-08,80
2022,because i liked a boy,Sabrina Carpenter,emails i can't send,196,Unknown,32FhTAAjKZaBein150o3Px,2022-07-15,80
2022,Low,SZA,SOS,181,Unknown,2GAhgAjOhEmItWLfgisyOn,2022-12-09,79
2022,Falling Behind,Laufey,Everything I Know About Love,173,Unknown,4KGGeE7RJsgLNZmnxGFlOj,2022-08-26,79
2022,"Burn, Burn, Burn",Zach Bryan,"Burn, Burn, Burn",268,Unknown,5jfhLCSIFUO4ndzNRh4w4G,2022-09-08,78
2022,All My Love,Noah Kahan,Stick Season,251,Unknown,7ByxizhA4GgEf7Sxomxhze,2022-10-14,78
2022,"Going, Going, Gone",Luke Combs,Growin' Up,177,Unknown,67AdiJcurlf6gocGobfaXs,2022-06-24,78
2022,Motorcycle Drive By,Zach Bryan,Summertime Blues,161,Unknown,2HbpYFQbairMoU2YFyOP2x,2022-07-15,78
2022,PUFFIN ON ZOOTIEZ,Future,I NEVER LIKED YOU,172,Unknown,1qMMYpVatbRITKCfq1gasi,2022-04-29,78
2022,Surround Sound (feat. 21 Savage & Baby Tate),"JID, 21 Savage, Baby Tate",The Forever Story (Extended Version),229,Unknown,1udwFobQ1JoOdWPQrp2b6u,2022-10-31,78
2022,Porch Light,Josh Meloy,Porch Light,184,Unknown,43SoxERu5UlXAgt4Es1VQU,2022-11-18,77
2022,Oklahoma Smokeshow,Zach Bryan,Summertime Blues,211,Unknown,0OWhKvvsHptt6vnnNUSM9a,2022-07-15,77
2022,Northern Attitude,Noah Kahan,Stick Season,267,Unknown,4O2rRsoSPb5aN7N3tG6Y3v,2022-10-14,77
2022,ALL MINE,Brent Faiyaz,WASTELAND,216,Unknown,3XgGQ1wjo5khvq2UImjyNF,2022-07-08,77
2022,The Kind of Love We Make,Luke Combs,Growin' Up,224,Unknown,48UKTR66uUOT9LaUvooTNx,2022-06-24,77
2022,The Good I'll Do,Zach Bryan,American Heartbreak,211,Unknown,53zCCom4uEoIBaOAEJtjUL,2022-05-20,76
2022,Orange Juice,Noah Kahan,Stick Season,297,Unknown,07UFnnK3uPIuKv5Rs9TmXl,2022-10-14,76
2022,1000 Blunts,$uicideboy$,"Sing Me a Lullaby, My Sweet Temptation",175,Unknown,09riz9pAPJyYYDVynE5xxY,2022-07-29,75
2022,Flower Shops (feat. Morgan Wallen),"ERNEST, Morgan Wallen",FLOWER SHOPS (THE ALBUM),214,Unknown,1DbZAffh8GGwW41Q3AU8iC,2022-03-11,74
2022,Please Don't Go,Wyatt Flores,Please Don't Go,181,Unknown,7fb4Qp5YoT4BKFdbj1Xu8r,2022-07-15,74
2022,Open the Gate,Zach Bryan,American Heartbreak,234,Unknown,6pamafD9p0K7FHfJPz6TYF,2022-05-20,74
2023,"One Of The Girls (with JENNIE, Lily Rose Depp)","The Weeknd, JENNIE, Lily-Rose Depp",The Idol Episode 4 (Music from the HBO Original Series),244,Unknown,7CyPwkp0oE8Ro9Dd5CUDjW,2023-06-23,91
2023,Lose Control,Teddy Swims,I've Tried Everything But Therapy (Part 1),210,Unknown,17phhZDn6oGtzMe56NuWvj,2023-09-15,90
2023,No Pole,Don Toliver,Love Sick (Deluxe),187,Unknown,0eaVIYo2zeOaGJeqZ5TwYz,2023-02-28,88
2023,ANXIETY (feat. Doechii),"Sleepy Hallow, Doechii",Boy Meets World,148,Unknown,3FjK86616FbluOfTxNK2gY,2023-09-15,88
2023,Pink Pony Club,Chappell Roan,The Rise and Fall of a Midwest Princess,258,Unknown,1k2pQc5i348DCHwbn5KTdc,2023-09-22,87
2023,NIGHTS LIKE THIS,The Kid LAROI,THE FIRST TIME,86,Unknown,1XBYiRV30ykHw5f4wm6qEn,2023-11-10,87
2023,My Love Mine All Mine,Mitski,The Land Is Inhospitable and So Are We,137,Unknown,3vkCueOmm7xQDoJ17W1Pm3,2023-09-15,87
2023,greedy,Tate McRae,greedy,131,Unknown,3rUGC1vUpkDG9CZFHMur1t,2023-09-15,87
2023,The Door,Teddy Swims,I've Tried Everything But Therapy (Part 1),212,Unknown,3dj4wgM3cPeuLwMNHDuBon,2023-09-15,87
2023,Flowers,Miley Cyrus,Endless Summer Vacation,200,Unknown,7DSAEUvxU8FajXtRloy8M0,2023-08-18,87
2023,I Remember Everything (feat. Kacey Musgraves),"Zach Bryan, Kacey Musgraves",Zach Bryan,227,Unknown,4KULAymBBJcPRpk1yO4dOG,2023-08-25,86
2023,Pink Pony Club,Chappell Roan,The Rise and Fall of a Midwest Princess,258,Unknown,6393yGahSJ9slVdOwSxOVR,2023-09-21,86
2023,Beanie,Chezile,Beanie,132,Unknown,5e0b9LgOfi3aJSKXFcOWRe,2023-11-28,86
2023,FE!N (feat. Playboi Carti),"Travis Scott, Playboi Carti",UTOPIA,191,Unknown,42VsgItocQwOQC3XWZ8JNA,2023-07-28,86
2023,"What Was I Made For? [From The Motion Picture ""Barbie""]",Billie Eilish,"What Was I Made For? [From The Motion Picture ""Barbie""]",222,Unknown,6wf7Yu7cxBSPrRlWeSeK0Q,2023-07-13,86
2023,Here With Me,d4vd,Petals to Thorns,242,Unknown,5LrN7yUQAzvthd4QujgPFr,2023-05-26,85
2023,Red Wine Supernova,Chappell Roan,The Rise and Fall of a Midwest Princess,192,Unknown,7FOgcfdz9Nx5V9lCNXdBYv,2023-09-22,84
2023,Casual,Chappell Roan,The Rise and Fall of a Midwest Princess,232,Unknown,3WSOUb3U7tqURbBSgZTrZX,2023-09-22,84
2023,I Smoked Away My Brain (I'm God x Demons Mashup) (feat. Imogen Heap & Clams Casino),"A$AP Rocky, Imogen Heap, Clams Casino",I Smoked Away My Brain (I'm God x Demons Mashup) (feat. Imogen Heap & Clams Casino),190,Unknown,3ZaEs1O8BG581qYPHpQ8d6,2023-08-18,84
2023,Feather,Sabrina Carpenter,emails i can’t send fwd:,185,Unknown,2Zo1PcszsT9WQ0ANntJbID,2023-03-17,84
2023,vampire,Olivia Rodrigo,GUTS,219,Unknown,1kuGVB7EU95pJObxwvfwKS,2023-09-08,84
2023,Cowgirls (feat. ERNEST),"Morgan Wallen, ERNEST",One Thing At A Time,181,Unknown,7fveJ3pk1eSfxBdVkzdXZ0,2023-03-03,83
2023,Where the Wild Things Are,Luke Combs,Gettin' Old,239,Unknown,0eBFgRxyVSeuT4iyrbukdn,2023-03-24,83
2023,Fast Car,Luke Combs,Gettin' Old,265,Unknown,1Lo0QY9cvc8sUB2vnIOxDT,2023-03-24,83
2023,Glue Song,beabadoobee,Glue Song,135,Unknown,3iBgrkexCzVuPy4O9vx7Mf,2023-02-14,83
2023,HOT TO GO!,Chappell Roan,The Rise and Fall of a Midwest Princess,184,Unknown,4xdBrk0nFZaP54vvZj0yx7,2023-09-22,82
2023,You’re Gonna Go Far,Noah Kahan,Stick Season (We'll All Be Here Forever),286,Unknown,4nHJcUtNSUVjXRnjdP29Bk,2023-06-09,82
2023,HOT TO GO!,Chappell Roan,The Rise and Fall of a Midwest Princess,184,Unknown,3j6CeoBBlm40Msn1JE1SPD,2023-09-21,82
2023,Superpowers,Daniel Caesar,NEVER ENOUGH,174,Unknown,736PP5LTtREkDgktNmX3Gu,2023-04-07,82
2023,Stephanie,Nafeesisboujee,Stephanie,126,Unknown,5rc7178sa2YRDlBFBHY0e8,2023-09-15,82
2023,Rock and A Hard Place,Bailey Zimmerman,Religiously. The Album.,207,Unknown,1TE8AAk9koG0UJco6ZAUfx,2023-01-11,81
2023,Thinkin’ Bout Me,Morgan Wallen,One Thing At A Time,177,Unknown,0PAcdVzhPO4gq1Iym9ESnK,2023-03-03,81
2023,Femininomenon,Chappell Roan,The Rise and Fall of a Midwest Princess,219,Unknown,53IRnAWx13PYmoVYtemUBS,2023-09-22,81
2023,Lovin On Me,Jack Harlow,Lovin On Me,138,Unknown,4xhsWYTOGcal8zt0J161CU,2023-11-10,81
2023,From The Start,Laufey,Bewitched,169,Unknown,43iIQbw5hx986dUEZbr3eN,2023-09-08,81
2023,run for the hills,Tate McRae,THINK LATER,143,Unknown,51hyZpbJlIgZIaX3TtMxmu,2023-12-08,81
2023,exes,Tate McRae,THINK LATER,159,Unknown,4E63weMCaNZuGPEFMnuEi8,2023-12-08,81
2023,Nine Ball,Zach Bryan,Boys Of Faith,169,Unknown,3xOi0YhDREKRURFHoNaAOQ,2023-09-22,80
2023,Last Night,Morgan Wallen,One Thing At A Time,163,Unknown,7K3BhSpAxZBznislvUMVtn,2023-03-03,80
2023,the way things go,beabadoobee,the way things go,187,Unknown,5sA3i6SGkILMiZW6Fhx4wv,2023-07-18,80
2023,Mmhmm,BigXthaPlug,THE BIGGEST,119,Unknown,4QTlxavdQGUVitxAvQqqkU,2023-12-01,79
2023,You Proof,Morgan Wallen,One Thing At A Time,157,Unknown,5W4kiM2cUYBJXKRudNyxjW,2023-03-03,79
2023,Fall In Love,Bailey Zimmerman,Religiously. The Album.,232,Unknown,0rCFRyEy4WXjRXNpO80Dzs,2023-01-11,79
2023,Think I'm In Love With You,Chris Stapleton,Higher,222,Unknown,3Gn1zuHNLtGuGEOXwq0k7e,2023-11-10,79
2023,Dial Drunk (with Post Malone),"Noah Kahan, Post Malone",Dial Drunk (with Post Malone),213,Unknown,22VHOlVYBqytsrAqV8yXBK,2023-07-18,79
2023,Back On My BS,BigXthaPlug,THE BIGGEST,94,Unknown,7hrFCoyWwKep7qp1lP4oga,2023-12-01,78
2023,Tennessee Orange,Megan Moroney,Lucky,223,Unknown,6DLbBlGIOjjEj0dNN25zhZ,2023-05-05,77
2023,Levels,BigXthaPlug,AMAR,157,Unknown,6vOeokRJNZjouabFGDLH1C,2023-02-10,77
2023,Religiously,Bailey Zimmerman,Religiously. The Album.,178,Unknown,0bILU0UiNDmA5Ff6whhb2R,2023-01-11,77
2023,Pretty Little Poison,Warren Zeiders,Pretty Little Poison,218,Unknown,0MIp9iBm1V41ERxkZnmSUG,2023-08-10,76
2024,Die With A Smile,"Lady Gaga, Bruno Mars",Die With A Smile,251,Unknown,2plbrEY59IikOBgBGLjaoe,2024-08-16,100
2024,BIRDS OF A FEATHER,Billie Eilish,HIT ME HARD AND SOFT,210,Unknown,6dOtVTDdiauQNBQEDOtlAB,2024-05-17,98
2024,Not Like Us,Kendrick Lamar,Not Like Us,274,Unknown,6AI3ezQ4o3HUoP6Dhudph3,2024-05-04,96
2024,That’s So True,Gracie Abrams,The Secret of Us (Deluxe),166,Unknown,7ne4VBA60CxGM75vw0EYad,2024-10-18,96
2024,APT.,"ROSÉ, Bruno Mars",APT.,169,Unknown,5vNRhkKd0yEAg8suGBpjeY,2024-10-18,95
2024,tv off (feat. lefty gunplay),"Kendrick Lamar, Lefty Gunplay",GNX,220,Unknown,0aB0v4027ukVziUGwVGYpG,2024-11-22,94
2024,Sailor Song,Gigi Perez,Sailor Song,211,Unknown,2262bWmqomIaJXwCRHr13j,2024-07-26,94
2024,WILDFLOWER,Billie Eilish,HIT ME HARD AND SOFT,261,Unknown,3QaPy1KgI7nu9FJEQUgn6h,2024-05-17,94
2024,luther (with sza),"Kendrick Lamar, SZA",GNX,177,Unknown,2CGNAOSuO1MEFCbBRgUzjd,2024-11-21,93
2024,"Good Luck, Babe!",Chappell Roan,"Good Luck, Babe!",218,Unknown,0WbMK4wrZ1wFSty9F7FCgu,2024-04-05,93
2024,DENIAL IS A RIVER,Doechii,Alligator Bites Never Heal,159,Unknown,1eTaznNW4Xxtx9za2SMTXB,2024-08-30,92
2024,luther (with sza),"Kendrick Lamar, SZA",GNX,177,Unknown,45J4avUb9Ni0bnETYaYFVJ,2024-11-22,92
2024,APT.,"ROSÉ, Bruno Mars",rosie,169,Unknown,4wJ5Qq0jBN4ajy7ouZIV1c,2024-12-06,91
2024,squabble up,Kendrick Lamar,GNX,157,Unknown,0nj9Bq5sHDiTxSHunhgkFb,2024-11-22,90
2024,Like Him (feat. Lola Young),"Tyler, The Creator, Lola Young",CHROMAKOPIA,278,Unknown,6jbYpRPTEFl1HFKHk1IC0m,2024-10-28,90
2024,Taste,Sabrina Carpenter,Short n' Sweet,157,Unknown,5G2f63n7IPVPPjfNIGih7Q,2024-08-23,90
2024,Beautiful Things,Benson Boone,Fireworks & Rollerblades,180,Unknown,3xkHsmpQCBMytMJNiDf3Ii,2024-04-05,90
2024,Messy,Lola Young,Messy,284,Unknown,3SKH53SPQbEnZR4cJPVaz2,2024-05-30,90
2024,Qué Pasaría...,"Rauw Alejandro, Bad Bunny",Cosa Nuestra,191,Unknown,0l0vcZMU7AOeQmUIREoI2U,2024-11-15,90
2024,30 For 30 (with Kendrick Lamar),"SZA, Kendrick Lamar",SOS Deluxe: LANA,278,Unknown,3aSWXU6owkZeVhh94XxEWO,2024-12-20,89
2024,No One Noticed,The Marías,Submarine,236,Unknown,3siwsiaEoU4Kuuc9WKMUy5,2024-05-31,89
2024,BMF,SZA,SOS Deluxe: LANA,180,Unknown,3U3hFkMr0Q90pD24EkE3Pr,2024-12-20,89
2024,"I Love You, I'm Sorry",Gracie Abrams,The Secret of Us,157,Unknown,51rfRCiUSvxXlCSCfIztBy,2024-06-21,89
2024,Loco,Neton Vega,Loco,186,Unknown,63EQbNhgaih4yg5412usWG,2024-12-20,89
2024,CHIHIRO,Billie Eilish,HIT ME HARD AND SOFT,303,Unknown,7BRD7x5pt8Lqa1eGYC4dzj,2024-05-17,89
2024,The Days - NOTION Remix,"Chrystal, NOTION",The Days (NOTION Remix),233,Unknown,2FAZskT9yRjp2Oow9szJD8,2024-11-08,89
2024,ME JALO,"Fuerza Regida, Grupo Frontera",MALA MÍA,212,Unknown,3D24ErT1MMmUfXWotSj2A2,2024-12-19,89
2024,"Sticky (feat. GloRilla, Sexyy Red & Lil Wayne)","Tyler, The Creator, GloRilla, Sexyy Red, Lil Wayne",CHROMAKOPIA,255,Unknown,3tFed7YsjGnIfxeLEQwx3R,2024-10-28,88
2024,peekaboo (feat. azchike),"Kendrick Lamar, Az Chike",GNX,155,Unknown,2Uts1QFB4u2YNIMiqcb4de,2024-11-22,88
2024,Espresso,Sabrina Carpenter,Short n' Sweet,175,Unknown,2HRqTpkrJO5ggZyyK6NPWz,2024-08-23,88
2024,Messy,Lola Young,This Wasn't Meant For You Anyway,284,Unknown,35ISBknsCeZQtq66xABI9g,2024-06-21,88
2024,Like That,"Future, Metro Boomin, Kendrick Lamar",WE DON'T TRUST YOU,267,Unknown,2tudvzsrR56uom6smgOcSf,2024-03-22,87
2024,MILLION DOLLAR BABY,Tommy Richman,MILLION DOLLAR BABY,155,Unknown,5AJ9hqTS2wcFQCELCFRO7A,2024-04-26,87
2024,Bed Chem,Sabrina Carpenter,Short n' Sweet,171,Unknown,1UHS8Rf6h5Ar3CDWRd3wjF,2024-08-23,87
2024,Love Somebody,Morgan Wallen,Love Somebody,204,Unknown,7hR22TOX3RorxJPcsz5Wbo,2024-10-18,86
2024,A Bar Song (Tipsy),Shaboozey,A Bar Song (Tipsy),171,Unknown,2FQrifJ1N335Ljm3TjTVVf,2024-04-12,86
2024,Slow It Down,Benson Boone,Fireworks & Rollerblades,161,Unknown,51eSHglvG1RJXtL3qI5trr,2024-04-05,86
2024,Juno,Sabrina Carpenter,Short n' Sweet,223,Unknown,21B4gaTWnTkuSh77iWEXdS,2024-08-23,86
2024,Pink Skies,Zach Bryan,Pink Skies,194,Unknown,4ZJ4vzLQekI0WntDbanNC7,2024-05-24,85
2024,Indigo (feat. Avery Anna),"Sam Barber, Avery Anna",Restless Mind,286,Unknown,1KZG1H1OCugGqIRmk1wF9m,2024-11-01,85
2024,NISSAN ALTIMA,Doechii,Alligator Bites Never Heal,126,Unknown,2dKkVF2m160z0RNDN2dddc,2024-08-30,85
2024,I Had Some Help (Feat. Morgan Wallen),"Post Malone, Morgan Wallen",F-1 Trillion,178,Unknown,5IZXB5IKAD2qlvTPJYDCFB,2024-08-15,84
2024,Ain't No Love In Oklahoma (From Twisters: The Album),Luke Combs,Ain't No Love In Oklahoma (From Twisters: The Album),210,Unknown,6GG4yyk3UATdBfTHVgI8PB,2024-05-16,83
2024,hey now (feat. dody6),"Kendrick Lamar, Dody6",GNX,217,Unknown,5S8VwnB4sLi6W0lYTWYylu,2024-11-22,83
2024,St. Chroma (feat. Daniel Caesar),"Tyler, The Creator, Daniel Caesar",CHROMAKOPIA,197,Unknown,1QoyuMHNBe7lg3YW4Qtll4,2024-10-28,83
2024,I Never Lie,Zach Top,Cold Beer & Country Music,224,Unknown,3t6gUcGYLrUuqwpXjOFWQc,2024-04-05,82
2024,Smile,Morgan Wallen,Smile,224,Unknown,3MJ6lFNV12FSHAOzTzkwxz,2024-12-31,81
2024,Worst Way,Riley Green,Way Out Here,220,Unknown,1osfLqL6L2iQsirRf83ded,2024-04-12,81
2024,Lies Lies Lies,Morgan Wallen,Lies Lies Lies,198,Unknown,7Fzl7QaTu47WyP9R5S5mh5,2024-07-05,80
2024,Wind Up Missin’ You,Tucker Wetmore,Waves On A Sunset,166,Unknown,3EO58D1YpHnTvBy68gK8HE,2024-10-04,80
